,Counter,Gait Speed,Step Length,Stride Length,Step Width,Right Flexion Angle,Left Flexion Angle,Right Extension Angle,Left Extension Angle,Distance Travelled,Step Count,TUG Time,Cadence (Steps/min),Timestamp,Time (s),Processing time,Orientation,Turn,World Coordinates,Key Points
1,1828,0.0,0.0,0,0.0,14.957352066347852,29.81037929473939,0.0,0.0,0.0,0,0,0.0,22-07-2024 19:55:25,2.127668857574463,0.09974527359008789,side,1,"{0: (0, 0, 0), 1: (0, 0, 0), 2: (-658, -768, 2194), 4: (-755, -788, 2167), 5: (-759, -604, 2260), 6: (-879, -590, 2067), 7: (-801, -283, 2239), 8: (-976, -309, 1985), 9: (-780, -86, 2356), 10: (0, 0, 0), 11: (-807, -61, 2265), 12: (-930, -57, 2146), 13: (-767, 281, 2342), 14: (-938, 296, 2216), 15: (-889, 632, 2372), 16: (-1017, 664, 2239), 17: (-815, -592, 2154)}","{0: (459, 160), 1: (466, 152), 2: (452, 149), 4: (421, 140), 5: (430, 201), 6: (373, 189), 7: (417, 289), 8: (331, 270), 9: (434, 345), 10: (338, 346), 11: (418, 351), 12: (369, 351), 13: (436, 442), 14: (375, 451), 15: (405, 534), 16: (354, 554), 17: (403, 196), 18: (array([459., 160.]), array([466., 152.]))}"
2,1829,0.0,0.0,0,0.0,9.105552852965758,28.842222992743956,0.0,0.0,0.0,0,0,0.0,22-07-2024 19:55:25,2.225484848022461,0.09962868690490723,,1,"{0: (0, 0, 0), 1: (0, 0, 0), 2: (-629, -782, 2192), 4: (0, 0, 0), 5: (-728, -618, 2243), 6: (-846, -598, 2059), 7: (-761, -293, 2206), 8: (-909, -312, 1979), 9: (-752, -96, 2230), 10: (-973, -74, 2144), 11: (-756, -67, 2229), 12: (-861, -55, 2076), 13: (-654, 262, 2336), 14: (-939, 310, 2217), 15: (0, 0, 0), 16: (-1020, 668, 2238), 17: (-783, -606, 2142)}","{0: (467, 157), 1: (473, 148), 2: (460, 145), 4: (427, 136), 5: (437, 196), 6: (382, 186), 7: (425, 285), 8: (352, 269), 9: (430, 341), 10: (356, 346), 11: (429, 349), 12: (381, 351), 13: (466, 437), 14: (375, 455), 15: (455, 541), 16: (353, 555), 17: (411, 191), 18: (array([467., 157.]), array([473., 148.]))}"
3,1830,0.0,0.0,0,0.0,9.012707601372057,5.848116826684702,0.0,0.0,0.0,0,0,0.0,22-07-2024 19:55:25,2.3280298709869385,0.09737205505371094,,1,"{0: (0, 0, 0), 1: (0, 0, 0), 2: (0, 0, 0), 4: (0, 0, 0), 5: (-676, -612, 2246), 6: (-808, -602, 2061), 7: (-699, -291, 2188), 8: (-845, -310, 1981), 9: (-709, -95, 2205), 10: (-823, -93, 2089), 11: (-708, -74, 2212), 12: (-843, -73, 2113), 13: (-611, 275, 2316), 14: (-918, 268, 2216), 15: (0, 0, 0), 16: (-1024, 657, 2239), 17: (-733, -604, 2134)}","{0: (482, 152), 1: (488, 143), 2: (474, 140), 4: (441, 134), 5: (452, 198), 6: (394, 185), 7: (441, 285), 8: (373, 270), 9: (440, 341), 10: (394, 340), 11: (441, 347), 12: (391, 346), 13: (476, 441), 14: (381, 443), 15: (502, 541), 16: (352, 552), 17: (425, 191), 18: (array([482., 152.]), array([488., 143.]))}"
4,1831,0.0,0.0,0,0.0,11.579361905145532,8.354790533780488,0.0,0.0,0.0,0,0,0.0,22-07-2024 19:55:25,2.4350321292877197,0.10260939598083496,,1,"{0: (0, 0, 0), 1: (0, 0, 0), 2: (-514, -798, 2205), 4: (0, 0, 0), 5: (-611, -609, 2245), 6: (-740, -609, 2069), 7: (-621, -287, 2180), 8: (-751, -295, 1963), 9: (-592, -100, 2239), 10: (0, 0, 0), 11: (-597, -61, 2017), 12: (-776, -77, 2103), 13: (-543, 289, 2310), 14: (-856, 245, 2200), 15: (0, 0, 0), 16: (0, 0, 0), 17: (-670, -603, 2137)}","{0: (502, 153), 1: (505, 143), 2: (494, 142), 4: (462, 136), 5: (470, 199), 6: (416, 184), 7: (463, 286), 8: (401, 274), 9: (476, 340), 10: (437, 333), 11: (456, 349), 12: (410, 345), 13: (494, 445), 14: (397, 437), 15: (518, 547), 16: (356, 552), 17: (444, 192), 18: (array([502., 153.]), array([505., 143.]))}"
5,1832,0.0,0.0,0,0.0,31.013692395189878,10.57582539570447,0.0,0.0,0.0,0,0,0.0,22-07-2024 19:55:25,2.5470638275146484,0.10828423500061035,side,1,"{0: (0, 0, 0), 1: (0, 0, 0), 2: (-428, -790, 2199), 4: (0, 0, 0), 5: (-516, -615, 2236), 6: (-646, -617, 2072), 7: (-503, -315, 2169), 8: (-656, -318, 1966), 9: (0, 0, 0), 10: (-478, -189, 2029), 11: (-524, -60, 2212), 12: (-632, -60, 2099), 13: (-459, 277, 2297), 14: (-690, 276, 2181), 15: (0, 0, 0), 16: (0, 0, 0), 17: (-571, -610, 2124)}","{0: (524, 156), 1: (530, 147), 2: (518, 144), 4: (491, 133), 5: (496, 197), 6: (445, 182), 7: (496, 278), 8: (432, 267), 9: (523, 321), 10: (494, 310), 11: (493, 351), 12: (453, 350), 13: (516, 442), 14: (443, 446), 15: (523, 553), 16: (367, 547), 17: (472, 189), 18: (array([524., 156.]), array([530., 147.]))}"
6,1833,0.0,0.0,0,0.0,51.53555273529173,8.109819637465478,0.0,0.0,0.0,0,0,0.0,22-07-2024 19:55:25,2.645190477371216,0.11072969436645508,,1,"{0: (0, 0, 0), 1: (0, 0, 0), 2: (-345, -804, 2205), 4: (-444, -839, 2192), 5: (-454, -638, 2229), 6: (-581, -629, 2066), 7: (-423, -350, 2169), 8: (-596, -358, 1975), 9: (-284, -222, 2023), 10: (0, 0, 0), 11: (-427, -87, 2188), 12: (-536, -89, 2077), 13: (-415, 308, 2301), 14: (-525, 281, 2131), 15: (0, 0, 0), 16: (0, 0, 0), 17: (-507, -624, 2111)}","{0: (546, 152), 1: (553, 144), 2: (542, 141), 4: (513, 129), 5: (513, 190), 6: (464, 178), 7: (519, 268), 8: (452, 255), 9: (553, 300), 10: (536, 287), 11: (519, 343), 12: (480, 341), 13: (528, 450), 14: (487, 449), 15: (522, 554), 16: (402, 526), 17: (490, 184), 18: (array([546., 152.]), array([553., 144.]))}"
7,1834,0.0,0.0,0,0.0,26.496283330141182,29.286619647652117,0.0,0.0,0.0,0,0,0.0,22-07-2024 19:55:26,2.7466342449188232,0.09809374809265137,side,1,"{0: (-273, -765, 2223), 1: (0, 0, 0), 2: (-286, -795, 2189), 4: (0, 0, 0), 5: (-386, -648, 2213), 6: (-516, -646, 2066), 7: (0, 0, 0), 8: (-504, -375, 1959), 9: (0, 0, 0), 10: (0, 0, 0), 11: (-364, -114, 2145), 12: (-471, -115, 2055), 13: (-375, 267, 2095), 14: (-371, 267, 2095), 15: (-580, 573, 2221), 16: (0, 0, 0), 17: (-441, -639, 2105)}","{0: (563, 154), 1: (570, 145), 2: (558, 142), 4: (530, 129), 5: (531, 186), 6: (484, 173), 7: (545, 279), 8: (480, 249), 9: (575, 338), 10: (548, 256), 11: (535, 335), 12: (498, 333), 13: (529, 446), 14: (530, 446), 15: (477, 528), 16: (510, 552), 17: (509, 179), 18: (array([563., 154.]), array([570., 145.]))}"
8,1835,0.0,0.0,0,0.0,25.43257503252346,3.364178144926001,0.0,0.0,0.0,0,0,0.0,22-07-2024 19:55:26,2.8482449054718018,0.10141682624816895,side,1,"{0: (-200, -772, 2211), 1: (0, 0, 0), 2: (-217, -800, 2164), 4: (0, 0, 0), 5: (-320, -649, 2200), 6: (-446, -649, 2050), 7: (-273, -328, 2178), 8: (-439, -387, 1937), 9: (-142, -128, 2404), 10: (0, 0, 0), 11: (-304, -97, 2093), 12: (-390, -101, 2029), 13: (-379, 284, 2261), 14: (-291, 264, 2074), 15: (0, 0, 0), 16: (0, 0, 0), 17: (-376, -636, 2081)}","{0: (583, 151), 1: (590, 142), 2: (577, 138), 4: (548, 127), 5: (549, 185), 6: (504, 171), 7: (562, 275), 8: (499, 244), 9: (603, 335), 10: (577, 236), 11: (550, 339), 12: (521, 337), 13: (536, 445), 14: (553, 446), 15: (528, 555), 16: (534, 565), 17: (527, 178), 18: (array([583., 151.]), array([590., 142.]))}"
9,1836,0.0,0.0,0,0.0,3.8553117649237834,6.4908283878630755,0.0,0.0,0.0,0,0,0.0,22-07-2024 19:55:26,2.947012186050415,0.10168218612670898,side,1,"{0: (-131, -754, 2180), 1: (0, 0, 0), 2: (-152, -785, 2141), 4: (-249, -830, 2146), 5: (-231, -652, 2221), 6: (-372, -625, 2004), 7: (-200, -330, 2149), 8: (-346, -375, 1904), 9: (-56, -139, 2394), 10: (-131, -493, 2006), 11: (-242, -99, 2057), 12: (-348, -107, 2016), 13: (-371, 301, 2281), 14: (-209, 267, 2069), 15: (0, 0, 0), 16: (0, 0, 0), 17: (-298, -627, 2071)}","{0: (602, 153), 1: (608, 144), 2: (595, 140), 4: (567, 127), 5: (575, 186), 6: (524, 174), 7: (582, 273), 8: (527, 246), 9: (625, 332), 10: (599, 216), 11: (567, 338), 12: (533, 335), 13: (539, 449), 14: (577, 447), 15: (525, 553), 16: (616, 570), 17: (550, 180), 18: (array([602., 153.]), array([608., 144.]))}"
10,1837,0.0,0.0,0,0.0,11.009957311716306,5.569621237550763,0.0,0.0,0.0,0,0,0.0,22-07-2024 19:55:26,3.045828342437744,0.09871125221252441,side,1,"{0: (-70, -753, 2137), 1: (0, 0, 0), 2: (-92, -780, 2099), 4: (0, 0, 0), 5: (-157, -652, 2197), 6: (-313, -611, 1978), 7: (-127, -323, 2099), 8: (-249, -365, 1868), 9: (-9, -138, 2374), 10: (0, 0, 0), 11: (-162, -100, 2014), 12: (-269, -102, 1983), 13: (-289, 330, 2275), 14: (-107, 290, 2036), 15: (0, 0, 0), 16: (0, 0, 0), 17: (-230, -614, 2027)}","{0: (619, 149), 1: (627, 140), 2: (612, 137), 4: (582, 125), 5: (595, 184), 6: (541, 176), 7: (602, 273), 8: (557, 247), 9: (637, 332), 10: (609, 203), 11: (590, 337), 12: (556, 336), 13: (561, 457), 14: (607, 455), 15: (528, 552), 16: (634, 580), 17: (569, 180), 18: (array([619., 149.]), array([627., 140.]))}"
11,1838,0.0,0.0,0,0.0,17.744401964230946,14.239628525135487,0.0,0.0,0.0,0,0,0.0,22-07-2024 19:55:26,3.1445069313049316,0.09876179695129395,side,1,"{0: (3, -739, 2106), 1: (0, 0, 0), 2: (-11, -764, 2058), 4: (-107, -812, 2063), 5: (-111, -650, 2122), 6: (-225, -612, 1928), 7: (-67, -304, 2020), 8: (-96, -364, 1829), 9: (0, 0, 0), 10: (0, 0, 0), 11: (-77, -91, 1943), 12: (-161, -90, 1928), 13: (-198, 320, 2249), 14: (-20, 290, 1995), 15: (0, 0, 0), 16: (0, 0, 0), 17: (-160, -613, 1971)}","{0: (640, 150), 1: (647, 141), 2: (636, 137), 4: (607, 123), 5: (607, 178), 6: (567, 171), 7: (619, 275), 8: (607, 245), 9: (650, 339), 10: (635, 191), 11: (615, 339), 12: (588, 339), 13: (585, 455), 14: (633, 457), 15: (534, 548), 16: (640, 585), 17: (589, 175), 18: (array([640., 150.]), array([647., 141.]))}"
12,1839,0.0,0.0,0,0.0,16.992370965381724,38.63051802530009,0.0,0.0,0.0,0,0,0.0,22-07-2024 19:55:26,3.244217872619629,0.09880423545837402,,1,"{0: (71, -754, 2012), 1: (96, -777, 2006), 2: (48, -781, 2001), 4: (-37, -818, 2038), 5: (-24, -663, 2088), 6: (-156, -613, 1883), 8: (-27, -378, 1781), 10: (0, 0, 0), 11: (12, -124, 1915), 12: (-93, -115, 1884), 13: (-30, 271, 1969), 14: (12, 277, 1950), 15: (0, 0, 0), 16: (0, 0, 0), 17: (-87, -615, 1908)}","{0: (661, 135), 1: (669, 127), 2: (654, 125), 4: (628, 118), 5: (632, 171), 6: (588, 166), 8: (630, 237), 10: (654, 175), 11: (643, 328), 12: (609, 330), 13: (630, 452), 14: (643, 455), 15: (556, 527), 16: (639, 584), 17: (611, 168), 18: (array([661., 135.]), array([669., 127.]))}"
13,1840,0.0,0.0,0,0.0,19.501865637500828,55.491477012331615,0.0,0.0,0.0,0,0,0.0,22-07-2024 19:55:26,3.3428351879119873,0.09965896606445312,,1,"{0: (0, 0, 0), 1: (0, 0, 0), 2: (135, -780, 1967), 4: (0, 0, 0), 5: (0, 0, 0), 6: (-85, -625, 1856), 7: (72, -369, 1783), 8: (31, -413, 1748), 10: (0, 0, 0), 11: (73, -137, 1885), 12: (-28, -132, 1861), 13: (130, 254, 2065), 14: (56, 246, 1927), 15: (-154, 538, 2252), 16: (0, 0, 0), 17: (-21, -609, 1836)}","{0: (686, 133), 1: (695, 125), 2: (682, 121), 4: (653, 111), 5: (649, 164), 6: (611, 159), 7: (664, 240), 8: (650, 222), 10: (690, 171), 11: (663, 323), 12: (630, 324), 13: (678, 443), 14: (657, 446), 15: (597, 515), 16: (640, 584), 17: (632, 162), 18: (array([686., 133.]), array([695., 125.]))}"
14,1841,0.0,0.0,0,0.0,13.356845480829492,38.453971668572564,0.0,0.0,0.0,0,0,0.0,22-07-2024 19:55:26,3.443894863128662,0.09856891632080078,,1,"{0: (0, 0, 0), 1: (0, 0, 0), 2: (234, -780, 1952), 4: (141, -818, 1955), 5: (64, -624, 1819), 6: (11, -624, 1811), 7: (122, -393, 1725), 8: (97, -415, 1723), 10: (0, 0, 0), 11: (132, -135, 1856), 12: (44, -127, 1835), 13: (276, 231, 2079), 14: (71, 264, 1924), 15: (135, 653, 2158), 16: (0, 0, 0), 17: (34, -618, 1801)}","{0: (716, 131), 1: (725, 123), 2: (714, 119), 4: (684, 107), 5: (661, 155), 6: (643, 154), 7: (683, 227), 8: (674, 219), 10: (716, 198), 11: (683, 323), 12: (654, 325), 13: (721, 436), 14: (662, 452), 15: (678, 555), 16: (640, 580), 17: (651, 155), 18: (array([716., 131.]), array([725., 123.]))}"
15,1842,0.0,0.0,0,0.0,7.000057713762402,5.447368984708731,0.0,0.0,0.0,0,0,0.0,22-07-2024 19:55:26,3.545351028442383,0.10112738609313965,side,1,"{0: (0, 0, 0), 1: (0, 0, 0), 2: (326, -812, 1942), 4: (0, 0, 0), 5: (144, -610, 1788), 6: (94, -616, 1780), 7: (186, -368, 1697), 8: (143, -385, 1700), 9: (0, 0, 0), 10: (0, 0, 0), 11: (194, -116, 1838), 12: (112, -111, 1815), 13: (335, 274, 2050), 14: (87, 290, 1928), 15: (412, 663, 2068), 16: (0, 0, 0), 17: (117, -608, 1774)}","{0: (749, 120), 1: (755, 109), 2: (744, 107), 4: (712, 99), 5: (689, 156), 6: (672, 153), 7: (707, 234), 8: (691, 228), 9: (748, 244), 10: (761, 238), 11: (704, 329), 12: (677, 330), 13: (740, 450), 14: (667, 460), 15: (763, 567), 16: (642, 584), 17: (680, 155), 18: (array([749., 120.]), array([755., 109.]))}"
16,1843,0.0,0.0,0,0.0,7.042734290321363,4.092002681179309,0.0,0.0,0.0,0,0,0.0,22-07-2024 19:55:26,3.645735263824463,0.10140037536621094,side,1,"{0: (0, 0, 0), 2: (424, -805, 1950), 4: (0, 0, 0), 5: (222, -604, 1772), 6: (171, -614, 1775), 7: (234, -324, 1682), 8: (212, -332, 1682), 9: (0, 0, 0), 10: (0, 0, 0), 11: (251, -108, 1819), 12: (190, -105, 1804), 13: (401, 292, 2016), 14: (128, 305, 1926), 15: (547, 676, 2033), 16: (0, 0, 0), 17: (196, -606, 1767)}","{0: (777, 123), 2: (775, 110), 4: (751, 99), 5: (717, 156), 6: (699, 153), 7: (725, 249), 8: (717, 246), 9: (772, 298), 10: (788, 291), 11: (724, 331), 12: (704, 332), 13: (762, 457), 14: (680, 465), 15: (807, 575), 16: (643, 584), 17: (708, 155), 18: (array([777., 123.]), array([775., 110.]))}"
17,1844,0.0,0.0,0,0.0,12.394808928177127,2.9251838875913734,0.0,0.0,0.0,0,0,0.0,22-07-2024 19:55:27,3.7445032596588135,0.10034775733947754,side,1,"{0: (0, 0, 0), 2: (0, 0, 0), 4: (432, -827, 1917), 5: (305, -600, 1760), 6: (270, -614, 1770), 8: (278, -318, 1683), 10: (402, -120, 1738), 11: (343, -99, 1810), 12: (291, -92, 1796), 13: (496, 307, 2008), 14: (209, 288, 1898), 15: (579, 687, 2010), 16: (0, 0, 0), 17: (283, -602, 1759)}","{0: (804, 127), 2: (805, 112), 4: (780, 98), 5: (747, 156), 6: (734, 152), 8: (741, 251), 10: (782, 325), 11: (756, 334), 12: (739, 336), 13: (792, 462), 14: (707, 461), 15: (819, 581), 16: (646, 582), 17: (739, 155), 18: (array([804., 127.]), array([805., 112.]))}"
18,1845,0.0,0.0,0,0.0,43.12436894284829,16.39731588769652,0.0,0.0,0.0,0,0,0.0,22-07-2024 19:55:27,3.8474013805389404,0.09885525703430176,,1,"{0: (0, 0, 0), 2: (0, 0, 0), 4: (540, -829, 1911), 5: (343, -615, 1764), 6: (356, -612, 1758), 8: (356, -325, 1694), 10: (0, 0, 0), 11: (375, -98, 1793), 12: (386, -83, 1792), 13: (563, 293, 2005), 14: (381, 290, 1855), 15: (585, 705, 2008), 16: (0, 0, 0), 17: (347, -610, 1760)}","{0: (836, 125), 2: (839, 110), 4: (816, 96), 5: (760, 151), 6: (765, 151), 8: (769, 249), 10: (803, 336), 11: (768, 334), 12: (772, 339), 13: (813, 458), 14: (766, 464), 15: (821, 587), 16: (666, 561), 17: (762, 152), 18: (array([836., 125.]), array([839., 110.]))}"
19,1846,0.0,0.0,0,0.0,61.510564051055155,21.84850861434535,0.0,0.0,0.0,0,0,0.0,22-07-2024 19:55:27,3.951368808746338,0.1030118465423584,,1,"{0: (0, 0, 0), 2: (0, 0, 0), 4: (0, 0, 0), 5: (426, -629, 1759), 6: (437, -617, 1749), 8: (406, -332, 1687), 10: (514, -87, 1758), 11: (446, -102, 1769), 12: (444, -83, 1676), 13: (563, 264, 1811), 14: (538, 270, 1813), 15: (582, 694, 2011), 16: (242, 543, 1929), 17: (428, -619, 1755)}","{0: (867, 117), 2: (870, 104), 4: (846, 93), 5: (790, 145), 6: (795, 148), 8: (788, 246), 10: (820, 337), 11: (795, 332), 12: (803, 337), 13: (832, 458), 14: (823, 460), 15: (820, 583), 16: (717, 542), 17: (791, 148), 18: (array([867., 117.]), array([870., 104.]))}"
20,1847,0.0,0.0,0,0.0,49.511903556294584,20.456766455768218,0.0,0.0,0.0,0,0,0.0,22-07-2024 19:55:27,4.0551066398620605,0.10386323928833008,,1,"{0: (0, 0, 0), 2: (0, 0, 0), 4: (700, -837, 1881), 5: (467, -645, 1768), 6: (523, -625, 1738), 8: (475, -339, 1675), 10: (566, -96, 1720), 11: (501, -105, 1781), 12: (517, -93, 1660), 13: (617, 273, 1984), 14: (689, 251, 1788), 15: (515, 599, 1891), 16: (535, 635, 1910), 17: (489, -629, 1747)}","{0: (898, 115), 2: (900, 101), 4: (873, 88), 5: (804, 140), 6: (827, 143), 8: (815, 242), 10: (843, 333), 11: (813, 331), 12: (832, 333), 13: (832, 453), 14: (879, 455), 15: (809, 565), 16: (814, 575), 17: (814, 143), 18: (array([898., 115.]), array([900., 101.]))}"
21,1848,0.0,0.0,0,0.0,24.615025670983584,8.13010235415598,0.0,0.0,0.0,0,0,0.0,22-07-2024 19:55:27,4.163278341293335,0.10398530960083008,side,1,"{0: (0, 0, 0), 2: (0, 0, 0), 4: (769, -839, 1863), 5: (538, -642, 1753), 6: (576, -625, 1725), 8: (535, -347, 1664), 10: (699, -141, 1762), 11: (564, -96, 1767), 12: (600, -77, 1678), 13: (635, 313, 1992), 14: (799, 268, 1791), 15: (581, 696, 2008), 16: (0, 0, 0), 17: (552, -629, 1735)}","{0: (920, 116), 2: (925, 100), 4: (899, 84), 5: (831, 139), 6: (848, 141), 8: (839, 238), 10: (886, 318), 11: (837, 334), 12: (861, 339), 13: (837, 465), 14: (918, 461), 15: (820, 584), 16: (919, 595), 17: (838, 141), 18: (array([920., 116.]), array([925., 100.]))}"
22,1849,0.0018479999999999998,0.0,0,0.0,1.1796031636287978,6.401944714047147,0.0,0.0,0.0,0,0,0.0,22-07-2024 19:55:27,4.269656419754028,0.10811138153076172,side,1,"{0: (0, 0, 0), 2: (0, 0, 0), 4: (0, 0, 0), 5: (608, -635, 1730), 6: (652, -625, 1704), 8: (638, -340, 1646), 10: (0, 0, 0), 11: (605, -76, 1762), 12: (683, -69, 1736), 13: (655, 327, 1986), 14: (853, 289, 1788), 15: (593, 694, 2004), 16: (987, 662, 1765), 17: (627, -626, 1715)}","{0: (951, 111), 2: (955, 98), 4: (930, 84), 5: (859, 138), 6: (879, 138), 8: (881, 239), 10: (915, 325), 11: (852, 341), 12: (884, 343), 13: (844, 470), 14: (938, 469), 15: (824, 584), 16: (993, 605), 17: (868, 139), 18: (array([951., 111.]), array([955.,  98.]))}"
23,1850,0.0018479999999999998,0.0,0,0.0,14.149902869546224,20.177609884045694,0.0,0.0,0.0,0,0,0.0,22-07-2024 19:55:27,4.371217250823975,0.10648512840270996,side,1,"{0: (0, 0, 0), 2: (0, 0, 0), 4: (940, -817, 1803), 5: (701, -619, 1699), 6: (756, -610, 1668), 8: (760, -330, 1608), 10: (0, 0, 0), 11: (693, -94, 1740), 12: (775, -75, 1699), 13: (754, 293, 1957), 14: (952, 270, 1760), 15: (603, 679, 2005), 16: (1010, 683, 1749), 17: (721, -611, 1677)}","{0: (990, 106), 2: (993, 93), 4: (969, 81), 5: (898, 139), 6: (924, 138), 8: (935, 239), 10: (981, 334), 11: (887, 334), 12: (924, 340), 13: (879, 461), 14: (979, 464), 15: (827, 579), 16: (1005, 615), 17: (909, 139), 18: (array([990., 106.]), array([993.,  93.]))}"
24,1851,0.0018479999999999998,0.0,0,0.0,13.735570192419488,47.43729506025173,0.0,0.0,0.0,0,0,0.0,22-07-2024 19:55:27,4.470964431762695,0.10116696357727051,,1,"{0: (0, 0, 0), 2: (0, 0, 0), 4: (1040, -827, 1793), 5: (764, -642, 1711), 6: (846, -626, 1633), 8: (859, -343, 1580), 10: (0, 0, 0), 11: (746, -101, 1712), 12: (827, -97, 1655), 13: (894, 260, 1929), 14: (967, 244, 1718), 15: (641, 621, 1994), 16: (1011, 689, 1751), 17: (794, -630, 1662)}","{0: (1020, 104), 2: (1027, 88), 4: (1007, 75), 5: (920, 132), 6: (966, 126), 8: (981, 231), 10: (1029, 320), 11: (911, 331), 12: (952, 331), 13: (929, 452), 14: (993, 457), 15: (840, 562), 16: (1005, 617), 17: (940, 129), 18: (array([1020.,  104.]), array([1027.,   88.]))}"
25,1852,0.0018479999999999998,0.0,0,0.0,12.669970816248963,60.51372416766162,0.0,0.0,0.0,0,0,0.0,22-07-2024 19:55:27,4.571957349777222,0.09981060028076172,,1,"{0: (0, 0, 0), 2: (0, 0, 0), 4: (1104, -834, 1787), 5: (0, 0, 0), 6: (916, -644, 1619), 8: (960, -339, 1544), 10: (0, 0, 0), 11: (807, -126, 1682), 12: (876, -119, 1632), 13: (0, 0, 0), 14: (997, 239, 1706), 15: (762, 560, 1954), 16: (1017, 687, 1747), 17: (858, -644, 1647)}","{0: (1045, 97), 2: (1050, 83), 4: (1032, 71), 5: (943, 123), 6: (997, 116), 8: (1032, 229), 10: (1083, 318), 11: (939, 321), 12: (976, 322), 13: (977, 450), 14: (1007, 456), 15: (883, 547), 16: (1008, 617), 17: (968, 121), 18: (array([1045.,   97.]), array([1050.,   83.]))}"
26,1853,500.1941484273759,370.0,900.33,243.0,7.237716895415446,41.007857127699936,1.1796031636287978,6.401944714047147,202.62095153265864,2,0,0.0,22-07-2024 19:55:27,4.677007675170898,0.10127115249633789,,1,"{0: (0, 0, 0), 2: (0, 0, 0), 4: (1179, -835, 1797), 5: (877, -650, 1845), 6: (983, -662, 1615), 7: (841, -379, 1900), 8: (1036, -371, 1548), 9: (0, 0, 0), 10: (0, 0, 0), 11: (849, -103, 1668), 12: (931, -99, 1601), 13: (982, 236, 1721), 14: (1015, 255, 1707), 15: (949, 586, 1908), 16: (1012, 684, 1753), 17: (918, -654, 1663)}","{0: (1068, 97), 2: (1071, 85), 4: (1057, 72), 5: (938, 146), 6: (1025, 108), 7: (916, 243), 8: (1063, 216), 9: (931, 331), 10: (1116, 312), 11: (958, 329), 12: (1005, 329), 13: (998, 454), 14: (1014, 462), 15: (952, 561), 16: (1005, 615), 17: (988, 119), 18: (array([1068.,   97.]), array([1071.,   85.]))}"
27,1854,500.1941484273759,0.0,0,0.0,6.812491196620641,18.50651483555788,1.1796031636287978,6.401944714047147,202.62095153265864,2,0,0.0,22-07-2024 19:55:28,4.778257369995117,0.10464334487915039,side,0,"{2: (0, 0, 0), 4: (1218, -837, 1810), 5: (924, -648, 1848), 6: (1051, -662, 1618), 7: (910, -382, 1964), 8: (1116, -370, 1539), 9: (0, 0, 0), 10: (0, 0, 0), 11: (896, -90, 1684), 12: (984, -86, 1603), 13: (1044, 283, 1712), 14: (1056, 286, 1714), 15: (1088, 653, 1774), 16: (1030, 684, 1747), 17: (976, -654, 1671)}","{2: (1082, 78), 4: (1068, 73), 5: (954, 147), 6: (1052, 108), 7: (929, 246), 8: (1100, 215), 9: (940, 334), 10: (1139, 311), 11: (973, 334), 12: (1026, 334), 13: (1024, 472), 14: (1028, 473), 15: (1028, 601), 16: (1013, 616), 17: (1009, 120), 18: (array([1082.,   78.]), array([1068.,   73.]))}"
28,1855,500.1941484273759,0.0,0,0.0,7.486813387503474,18.504821690128722,1.1796031636287978,6.401944714047147,202.62095153265864,2,0,0.0,22-07-2024 19:55:28,4.884052991867065,0.10134506225585938,,0,"{2: (0, 0, 0), 3: (0, 0, 0), 4: (1264, -822, 1840), 5: (0, 0, 0), 6: (1104, -645, 1630), 7: (951, -371, 1993), 8: (1183, -355, 1562), 9: (0, 0, 0), 10: (0, 0, 0), 11: (947, -100, 1714), 12: (1055, -91, 1603), 13: (0, 0, 0), 14: (1097, 276, 1720), 15: (1303, 686, 1881), 16: (1024, 679, 1755), 17: (1022, -643, 1699)}","{2: (1089, 86), 3: (1020, 83), 4: (1077, 83), 5: (967, 143), 6: (1070, 116), 7: (938, 251), 8: (1121, 223), 9: (950, 336), 10: (1153, 315), 11: (986, 331), 12: (1055, 332), 13: (1058, 467), 14: (1042, 469), 15: (1080, 600), 16: (1009, 613), 17: (1020, 128), 18: (array([1089.,   86.]), array([1020.,   83.]))}"
29,1856,500.1941484273759,0.0,0,0.0,11.753091901559799,12.685762872098167,1.1796031636287978,6.401944714047147,202.62095153265864,2,0,0.0,22-07-2024 19:55:28,4.98710560798645,0.10579133033752441,side,1,"{3: (0, 0, 0), 4: (0, 0, 0), 5: (1027, -657, 1928), 6: (1168, -639, 1650), 7: (995, -338, 2005), 8: (1246, -340, 1586), 9: (0, 0, 0), 10: (0, 0, 0), 11: (1012, -99, 1739), 12: (1124, -89, 1622), 13: (1170, 290, 1731), 14: (1143, 299, 1731), 15: (1336, 710, 1876), 16: (1020, 683, 1756), 17: (1073, -626, 1726)}","{3: (1023, 95), 4: (1086, 92), 5: (975, 153), 6: (1090, 121), 7: (950, 262), 8: (1140, 231), 9: (969, 341), 10: (1160, 319), 11: (1005, 332), 12: (1078, 333), 13: (1067, 474), 14: (1057, 477), 15: (1093, 609), 16: (1007, 614), 17: (1033, 138), 18: (array([1023.,   95.]), array([1086.,   92.]))}"
30,1857,500.1941484273759,0.0,0,0.0,23.80800210698274,8.257215908223742,1.1796031636287978,6.401944714047147,202.62095153265864,2,0,0.0,22-07-2024 19:55:28,5.089865207672119,0.10287261009216309,side,1,"{3: (0, 0, 0), 4: (0, 0, 0), 5: (1065, -635, 1936), 6: (1231, -648, 1681), 7: (1059, -336, 2016), 8: (1317, -349, 1626), 9: (1134, -84, 2058), 10: (1438, -140, 1751), 11: (0, 0, 0), 12: (1182, -72, 1651), 13: (1189, 302, 1752), 14: (1220, 311, 1740), 15: (0, 0, 0), 16: (1044, 662, 1747), 17: (1127, -623, 1749)}","{3: (1029, 105), 4: (1092, 98), 5: (986, 161), 6: (1106, 122), 7: (969, 263), 8: (1156, 231), 9: (985, 342), 10: (1163, 317), 11: (1021, 340), 12: (1093, 340), 13: (1069, 477), 14: (1084, 481), 15: (1094, 605), 16: (1018, 608), 17: (1048, 142), 18: (array([1029.,  105.]), array([1092.,   98.]))}"
31,1858,500.1941484273759,0.0,0,0.0,43.987289226125,18.57572441068112,1.1796031636287978,6.401944714047147,202.62095153265864,2,0,0.0,22-07-2024 19:55:28,5.1881678104400635,0.10286736488342285,,1,"{3: (0, 0, 0), 4: (0, 0, 0), 5: (1100, -636, 1952), 6: (1292, -659, 1718), 7: (1112, -342, 2032), 8: (1389, -347, 1669), 9: (1149, -104, 2007), 10: (0, 0, 0), 11: (1149, -81, 1844), 12: (1262, -74, 1687), 13: (1327, 288, 1937), 14: (1402, 264, 1787), 15: (1201, 557, 1759), 16: (1168, 573, 1739), 17: (1178, -631, 1790)}","{3: (1030, 109), 4: (1093, 99), 5: (995, 162), 6: (1119, 123), 7: (983, 262), 8: (1171, 235), 9: (999, 335), 10: (1162, 324), 11: (1032, 340), 12: (1114, 340), 13: (1073, 462), 14: (1139, 462), 15: (1073, 569), 16: (1066, 577), 17: (1057, 144), 18: (array([1030.,  109.]), array([1093.,   99.]))}"
32,1859,500.1941484273759,0.0,0,0.0,26.800712189048625,6.745579647482828,1.1796031636287978,6.401944714047147,202.62095153265864,2,0,0.0,22-07-2024 19:55:28,5.287785530090332,0.09834122657775879,side,1,"{3: (0, 0, 0), 4: (0, 0, 0), 5: (1123, -633, 1971), 6: (1339, -658, 1746), 7: (1133, -334, 2042), 8: (1464, -343, 1715), 9: (1165, -118, 1971), 10: (1457, -126, 1752), 11: (1185, -100, 1869), 12: (1319, -100, 1719), 13: (1341, 291, 1958), 14: (1496, 254, 1856), 15: (1300, 615, 1835), 16: (1325, 604, 1766), 17: (1216, -635, 1817)}","{3: (1031, 113), 4: (1094, 101), 5: (999, 165), 6: (1129, 127), 7: (988, 265), 8: (1185, 240), 9: (1011, 330), 10: (1170, 322), 11: (1039, 334), 12: (1127, 331), 13: (1073, 462), 14: (1153, 455), 15: (1090, 581), 16: (1118, 586), 17: (1064, 146), 18: (array([1031.,  113.]), array([1094.,  101.]))}"
33,1860,500.1941484273759,0.0,0,0.0,5.563903973267486,2.0265772114020706,1.1796031636287978,6.401944714047147,202.62095153265864,2,0,0.0,22-07-2024 19:55:28,5.389708518981934,0.09964585304260254,side,1,"{3: (0, 0, 0), 4: (0, 0, 0), 5: (1137, -628, 1958), 6: (1397, -671, 1780), 7: (1144, -335, 2033), 8: (1531, -354, 1760), 9: (1188, -119, 1985), 10: (0, 0, 0), 11: (1219, -106, 1873), 12: (1385, -104, 1757), 13: (1344, 294, 1953), 14: (1524, 274, 1916), 15: (1355, 686, 1891), 16: (1503, 658, 1831), 17: (1264, -643, 1851)}","{3: (1030, 118), 4: (1090, 104), 5: (1006, 165), 6: (1141, 127), 7: (993, 264), 8: (1196, 239), 9: (1016, 330), 10: (1170, 322), 11: (1050, 332), 12: (1141, 330), 13: (1075, 463), 14: (1146, 459), 15: (1096, 599), 16: (1165, 598), 17: (1073, 147), 18: (array([1030.,  118.]), array([1090.,  104.]))}"
34,1861,500.1941484273759,0.0,0,0.0,0.0,0.0,1.1796031636287978,6.401944714047147,202.62095153265864,2,0,0.0,22-07-2024 19:55:28,5.489844560623169,0.10183882713317871,,1,"{1: (0, 0, 0)}",{}
35,1862,500.1941484273759,0.0,0,0.0,19.829174021727738,4.553767979158636,1.1796031636287978,6.401944714047147,202.62095153265864,2,0,0.0,22-07-2024 19:55:28,5.586245536804199,0.09894204139709473,,1,"{0: (0, 0, 0), 1: (1274, -765, 2091), 3: (1301, -800, 2064), 4: (0, 0, 0), 5: (1195, -638, 1917), 6: (1515, -664, 1865), 7: (1166, -327, 1970), 8: (0, 0, 0), 9: (0, 0, 0), 11: (1289, -110, 1897), 12: (1487, -109, 1841), 13: (1365, 284, 1975), 14: (1556, 274, 2002), 15: (1352, 683, 1882), 16: (1605, 631, 1986), 17: (1358, -650, 1884)}","{0: (1024, 148), 1: (1025, 136), 3: (1039, 122), 4: (1091, 108), 5: (1034, 157), 6: (1159, 140), 7: (1012, 263), 8: (1193, 244), 9: (1017, 330), 11: (1069, 331), 12: (1154, 330), 13: (1077, 459), 14: (1134, 455), 15: (1097, 599), 16: (1156, 571), 17: (1098, 148), 18: (array([1024.,  148.]), array([1025.,  136.]))}"
36,1863,500.1941484273759,292.9883767724391,0,168.563967312861,21.016044280464826,21.9395639717942,5.563903973267486,2.0265772114020706,202.62095153265864,2,0,0.0,22-07-2024 19:55:28,5.6922008991241455,0.09763240814208984,,1,"{0: (0, 0, 0), 1: (1277, -773, 2102), 3: (1298, -813, 2080), 4: (0, 0, 0), 5: (1249, -657, 1915), 6: (0, 0, 0), 7: (1204, -357, 1915), 9: (0, 0, 0), 11: (1329, -134, 1901), 12: (1501, -134, 1858), 13: (1355, 266, 2018), 14: (1556, 247, 2013), 15: (1368, 646, 1903), 16: (1602, 629, 1990), 17: (1378, -656, 1884)}","{0: (1025, 147), 1: (1024, 135), 3: (1035, 120), 4: (1087, 106), 5: (1053, 150), 6: (1156, 141), 7: (1036, 250), 9: (1019, 322), 11: (1082, 323), 12: (1154, 322), 13: (1064, 451), 14: (1131, 446), 15: (1097, 584), 16: (1154, 570), 17: (1105, 146), 18: (array([1025.,  147.]), array([1024.,  135.]))}"
37,1864,500.1941484273759,0.0,0,0.0,20.573357035704532,44.107614541259466,5.563903973267486,2.0265772114020706,202.62095153265864,2,0,0.0,22-07-2024 19:55:29,5.795565843582153,0.10601687431335449,,0,"{0: (0, 0, 0), 1: (1242, -776, 2091), 3: (1293, -819, 2072), 5: (1273, -642, 1890), 6: (1485, -670, 1912), 7: (1232, -334, 1873), 9: (0, 0, 0), 11: (1361, -117, 1905), 12: (1510, -135, 1879), 13: (1319, 255, 2057), 14: (1557, 252, 2022), 15: (1383, 618, 1935), 16: (1598, 630, 1993), 17: (1353, -641, 1865)}","{0: (1017, 145), 1: (1015, 133), 3: (1035, 117), 5: (1067, 152), 6: (1135, 144), 7: (1055, 255), 9: (1024, 340), 11: (1092, 329), 12: (1151, 322), 13: (1044, 446), 14: (1129, 447), 15: (1094, 571), 16: (1152, 570), 17: (1101, 149), 18: (array([1017.,  145.]), array([1015.,  133.]))}"
38,1865,1240.1649510957905,0.0,0,0.0,18.41812845560608,37.96381424583592,5.563903973267486,2.0265772114020706,512.6424192358646,2,0,0.0,22-07-2024 19:55:29,5.8943891525268555,0.10334157943725586,,0,"{0: (0, 0, 0), 1: (1225, -786, 2101), 3: (1279, -825, 2055), 5: (1292, -647, 1888), 6: (0, 0, 0), 7: (1265, -345, 1839), 8: (1486, -394, 1876), 9: (0, 0, 0), 11: (1367, -120, 1913), 12: (1473, -136, 1890), 13: (1282, 240, 2043), 14: (1538, 241, 2037), 15: (1329, 626, 2005), 16: (1592, 647, 2016), 17: (1343, -642, 1867)}","{0: (1010, 144), 1: (1008, 131), 3: (1034, 113), 5: (1074, 150), 6: (1116, 144), 7: (1075, 249), 8: (1144, 234), 9: (1038, 333), 11: (1092, 328), 12: (1135, 322), 13: (1035, 442), 14: (1119, 443), 15: (1060, 566), 16: (1144, 573), 17: (1097, 149), 18: (array([1010.,  144.]), array([1008.,  131.]))}"
39,1866,1240.1649510957905,0.0,0,0.0,17.430869207387275,18.349655578129756,5.563903973267486,2.0265772114020706,512.6424192358646,2,0,0.0,22-07-2024 19:55:29,5.9963860511779785,0.09909200668334961,,0,"{0: (0, 0, 0), 1: (1193, -791, 2096), 3: (0, 0, 0), 5: (1283, -641, 1887), 6: (1358, -658, 1873), 7: (1297, -343, 1817), 9: (1263, -114, 1914), 11: (1337, -115, 1925), 12: (1414, -119, 1899), 13: (1274, 254, 2022), 14: (1517, 252, 2043), 15: (1262, 646, 2025), 16: (1599, 645, 2001), 17: (1319, -642, 1874)}","{0: (1002, 143), 1: (999, 129), 3: (1028, 110), 5: (1071, 152), 6: (1101, 144), 7: (1092, 248), 9: (1056, 330), 11: (1079, 330), 12: (1112, 328), 13: (1037, 447), 14: (1111, 446), 15: (1034, 570), 16: (1150, 574), 17: (1087, 150), 18: (array([1002.,  143.]), array([999., 129.]))}"
40,1867,1240.1649510957905,0.0,0,0.0,11.975905729554398,4.190769601636077,5.563903973267486,2.0265772114020706,512.6424192358646,2,0,0.0,22-07-2024 19:55:29,6.096479415893555,0.1022491455078125,side,1,"{0: (0, 0, 0), 1: (0, 0, 0), 3: (1242, -833, 2042), 5: (1270, -636, 1881), 6: (1302, -642, 1874), 7: (1310, -338, 1809), 9: (0, 0, 0), 11: (1259, -85, 1874), 12: (1360, -96, 1912), 13: (1254, 279, 2020), 14: (1507, 282, 2055), 15: (1185, 655, 2037), 16: (1598, 647, 2015), 17: (1285, -638, 1877)}","{0: (990, 140), 1: (990, 127), 3: (1025, 109), 5: (1068, 153), 6: (1081, 150), 7: (1099, 249), 9: (1078, 337), 11: (1064, 339), 12: (1090, 336), 13: (1031, 455), 14: (1105, 455), 15: (1007, 571), 16: (1146, 573), 17: (1074, 152), 18: (array([990., 140.]), array([990., 127.]))}"
41,1868,1240.1649510957905,0.0,0,0.0,1.268944584714319,9.72310065478365,5.563903973267486,2.0265772114020706,512.6424192358646,2,0,0.0,22-07-2024 19:55:29,6.1965343952178955,0.09949994087219238,,1,"{0: (1120, -764, 2098), 1: (1116, -800, 2074), 2: (0, 0, 0), 3: (1202, -831, 2027), 5: (1236, -623, 1876), 6: (1219, -618, 1886), 7: (1288, -329, 1804), 9: (0, 0, 0), 11: (1255, -85, 1934), 12: (1255, -85, 1934), 13: (1206, 284, 2028), 14: (1485, 283, 2062), 15: (1155, 672, 2029), 16: (1598, 637, 2015), 17: (1231, -618, 1877)}","{0: (976, 138), 1: (979, 124), 2: (971, 128), 3: (1015, 108), 5: (1057, 157), 6: (1049, 160), 7: (1092, 252), 9: (1090, 337), 11: (1049, 340), 12: (1049, 340), 13: (1014, 456), 14: (1096, 455), 15: (999, 577), 16: (1146, 570), 17: (1055, 159), 18: (array([976., 138.]), array([979., 124.]))}"
42,1869,251.883959732838,0.0,0,0.0,14.769578223573461,10.681197443156918,5.563903973267486,2.0265772114020706,100.87863995911127,2,0,0.0,22-07-2024 19:55:29,6.294169902801514,0.10012412071228027,,1,"{0: (1058, -763, 2084), 1: (1056, -800, 2063), 3: (0, 0, 0), 5: (1180, -613, 1870), 6: (1165, -613, 1878), 7: (1229, -332, 1818), 9: (0, 0, 0), 11: (1187, -91, 1938), 12: (1192, -100, 1932), 13: (1154, 280, 2018), 14: (1402, 271, 2084), 15: (1145, 680, 2033), 16: (1580, 614, 2031), 17: (1174, -615, 1874)}","{0: (959, 137), 1: (962, 123), 3: (996, 108), 5: (1039, 160), 6: (1032, 161), 7: (1067, 252), 9: (1069, 340), 11: (1025, 338), 12: (1028, 335), 13: (999, 455), 14: (1065, 450), 15: (995, 579), 16: (1136, 561), 17: (1036, 160), 18: (array([959., 137.]), array([962., 123.]))}"
43,1870,251.883959732838,0.0,0,0.0,47.86426204237688,6.093123714870757,5.563903973267486,2.0265772114020706,100.87863995911127,2,0,0.0,22-07-2024 19:55:29,6.473249673843384,0.09747457504272461,,1,"{0: (0, 0, 0), 1: (0, 0, 0), 3: (1035, -838, 2006), 5: (1068, -625, 1864), 6: (1067, -635, 1868), 7: (1096, -327, 1815), 9: (1095, -101, 1883), 11: (1076, -88, 1927), 12: (1072, -99, 1904), 13: (1112, 280, 2016), 14: (1108, 267, 2014), 15: (1145, 683, 2033), 16: (1402, 543, 2097), 17: (1065, -628, 1865)}","{0: (925, 134), 1: (929, 120), 3: (965, 104), 5: (1001, 156), 6: (1000, 153), 7: (1020, 254), 9: (1005, 334), 11: (990, 339), 12: (993, 335), 13: (986, 455), 14: (985, 451), 15: (995, 580), 16: (1063, 532), 17: (1000, 155), 18: (array([925., 134.]), array([929., 120.]))}"
44,1871,251.883959732838,281.0055974473422,0,332.06152171436884,39.84112487795571,6.104429778345747,1.268944584714319,4.190769601636077,100.87863995911127,4,0,0.0,22-07-2024 19:55:29,6.576833724975586,0.10513830184936523,,1,"{0: (0, 0, 0), 1: (0, 0, 0), 2: (0, 0, 0), 3: (934, -850, 2023), 5: (990, -638, 1874), 6: (940, -630, 1945), 7: (1020, -354, 1845), 8: (955, -341, 2000), 9: (1028, -111, 1942), 10: (929, -111, 2116), 11: (1020, -108, 1944), 12: (0, 0, 0), 13: (1082, 270, 2034), 14: (959, 242, 2209), 15: (1133, 655, 2034), 16: (1099, 594, 2097), 17: (950, -623, 1888)}","{0: (891, 130), 1: (894, 115), 2: (887, 120), 3: (930, 103), 5: (972, 153), 6: (943, 164), 7: (987, 247), 8: (938, 261), 9: (971, 332), 10: (913, 335), 11: (968, 333), 12: (931, 334), 13: (973, 451), 14: (910, 436), 15: (991, 571), 16: (969, 546), 17: (956, 160), 18: (array([891., 130.]), array([894., 115.]))}"
45,1872,251.883959732838,0.0,0,0.0,13.326393260095017,4.768233171713575,1.268944584714319,4.190769601636077,100.87863995911127,4,0,0.0,22-07-2024 19:55:29,6.678403854370117,0.10356426239013672,side,1,"{0: (0, 0, 0), 1: (775, -828, 2089), 3: (874, -847, 2037), 5: (934, -625, 1885), 6: (868, -618, 1952), 7: (916, -333, 1852), 8: (870, -334, 1991), 9: (900, -115, 2014), 10: (0, 0, 0), 11: (968, -93, 1962), 12: (896, -108, 2063), 13: (1058, 291, 2043), 14: (853, 250, 2214), 15: (1131, 668, 2035), 16: (831, 669, 2233), 17: (885, -614, 1892)}","{0: (868, 132), 1: (872, 119), 3: (909, 106), 5: (951, 159), 6: (918, 169), 7: (949, 255), 8: (912, 263), 9: (918, 332), 10: (885, 331), 11: (948, 338), 12: (910, 335), 13: (964, 457), 14: (879, 438), 15: (990, 575), 16: (872, 555), 17: (933, 164), 18: (array([868., 132.]), array([872., 119.]))}"
46,1873,1190.95372987242,0.0,0,0.0,6.081416245884242,7.599022552260777,1.268944584714319,4.190769601636077,483.5103411510451,4,0,0.0,22-07-2024 19:55:30,6.778221607208252,0.10149645805358887,side,1,"{0: (0, 0, 0), 1: (710, -843, 2099), 2: (691, -844, 2134), 3: (0, 0, 0), 5: (848, -620, 1909), 6: (799, -622, 1971), 7: (804, -338, 1875), 8: (772, -345, 1943), 9: (0, 0, 0), 10: (0, 0, 0), 11: (889, -103, 1968), 12: (826, -98, 2057), 13: (1017, 303, 2056), 14: (786, 280, 2223), 15: (1134, 665, 2036), 16: (653, 652, 2262), 17: (813, -614, 1917)}","{0: (845, 129), 1: (851, 116), 2: (842, 120), 3: (887, 110), 5: (918, 164), 6: (893, 170), 7: (907, 255), 8: (887, 257), 9: (860, 329), 10: (853, 331), 11: (921, 335), 12: (889, 338), 13: (949, 460), 14: (859, 446), 15: (991, 574), 16: (819, 547), 17: (905, 167), 18: (array([845., 129.]), array([851., 116.]))}"
47,1874,1190.95372987242,0.0,0,0.0,4.236394799058814,15.257743879089162,1.268944584714319,4.190769601636077,483.5103411510451,4,0,0.0,22-07-2024 19:55:30,6.876535892486572,0.09980893135070801,,1,"{0: (0, 0, 0), 1: (630, -838, 2132), 3: (720, -840, 2092), 5: (778, -614, 1935), 6: (722, -619, 2007), 7: (730, -303, 1895), 8: (702, -343, 2059), 9: (0, 0, 0), 10: (0, 0, 0), 11: (816, -79, 2008), 12: (730, -90, 2098), 13: (938, 312, 2066), 14: (689, 281, 2251), 15: (1115, 652, 2034), 16: (622, 682, 2266), 17: (738, -607, 1941)}","{0: (819, 134), 1: (824, 122), 3: (855, 116), 5: (891, 169), 6: (864, 175), 7: (879, 268), 8: (851, 264), 9: (834, 335), 10: (826, 335), 11: (892, 343), 12: (855, 341), 13: (923, 462), 14: (829, 445), 15: (985, 570), 16: (810, 555), 17: (877, 172), 18: (array([819., 134.]), array([824., 122.]))}"
48,1875,1190.95372987242,0.0,0,0.0,22.9406458514394,36.11751577501164,1.268944584714319,4.190769601636077,483.5103411510451,4,0,0.0,22-07-2024 19:55:30,6.97722315788269,0.09843993186950684,,1,"{0: (544, -830, 2205), 1: (0, 0, 0), 3: (636, -856, 2119), 5: (695, -628, 1966), 6: (666, -621, 1972), 7: (671, -321, 1923), 8: (631, -337, 1981), 9: (0, 0, 0), 11: (684, -104, 2032), 12: (681, -107, 2032), 13: (744, 266, 2085), 14: (614, 274, 2276), 15: (1046, 608, 2045), 16: (621, 693, 2266), 17: (677, -623, 1969)}","{0: (793, 133), 1: (797, 122), 3: (827, 115), 5: (860, 168), 6: (850, 171), 7: (856, 264), 8: (837, 262), 9: (816, 340), 11: (848, 336), 12: (847, 335), 13: (861, 447), 14: (806, 442), 15: (961, 555), 16: (810, 558), 17: (854, 170), 18: (array([793., 133.]), array([797., 122.]))}"
49,1876,1190.95372987242,0.0,0,0.0,24.437123453235472,61.078720976535934,1.268944584714319,4.190769601636077,483.5103411510451,4,0,0.0,22-07-2024 19:55:30,7.076807737350464,0.10058784484863281,,1,"{0: (0, 0, 0), 1: (466, -869, 2172), 3: (0, 0, 0), 5: (625, -631, 1991), 6: (584, -639, 2013), 7: (639, -331, 1946), 8: (579, -361, 2020), 9: (588, -110, 2022), 11: (608, -111, 2048), 12: (617, -115, 2055), 13: (555, 252, 2094), 14: (528, 248, 2120), 15: (885, 526, 2091), 16: (618, 689, 2266), 17: (605, -633, 1996)}","{0: (768, 130), 1: (773, 118), 3: (804, 115), 5: (835, 170), 6: (820, 170), 7: (843, 262), 8: (817, 257), 9: (819, 334), 11: (823, 334), 12: (825, 333), 13: (803, 442), 14: (793, 440), 15: (904, 525), 16: (809, 557), 17: (828, 170), 18: (array([768., 130.]), array([773., 118.]))}"
50,1877,726.1064628644182,0.0,0,0.0,23.03481854430919,39.24147486444684,1.268944584714319,4.190769601636077,289.2602634307035,4,0,0.0,22-07-2024 19:55:30,7.1802873611450195,0.09959292411804199,,1,"{0: (374, -850, 2245), 1: (379, -870, 2189), 3: (0, 0, 0), 5: (550, -650, 2018), 6: (519, -652, 2032), 7: (596, -342, 1969), 9: (580, -109, 2073), 11: (505, -115, 2052), 12: (507, -117, 2036), 13: (433, 235, 2121), 14: (520, 247, 2263), 15: (617, 619, 2174), 16: (604, 595, 2185), 17: (535, -648, 2021)}","{0: (743, 132), 1: (747, 120), 3: (779, 114), 5: (809, 167), 6: (798, 168), 7: (827, 260), 9: (812, 335), 11: (791, 333), 12: (793, 332), 13: (765, 436), 14: (781, 435), 15: (816, 545), 16: (811, 537), 17: (804, 168), 18: (array([743., 132.]), array([747., 120.]))}"
51,1878,726.1064628644182,0.0,0,0.0,5.794902880072669,21.919998535786533,1.268944584714319,4.190769601636077,289.2602634307035,4,0,0.0,22-07-2024 19:55:30,7.281550407409668,0.1036069393157959,,1,"{0: (281, -847, 2274), 1: (294, -861, 2207), 3: (390, -861, 2175), 5: (468, -634, 2025), 6: (450, -639, 2028), 7: (509, -328, 1958), 8: (475, -334, 1975), 9: (468, -87, 2008), 11: (426, -100, 2088), 12: (474, -100, 2006), 13: (303, 256, 2171), 14: (551, 287, 2287), 15: (311, 665, 2223), 16: (593, 675, 2266), 17: (462, -634, 2025)}","{0: (716, 136), 1: (722, 125), 3: (751, 121), 5: (783, 173), 6: (777, 172), 7: (800, 264), 8: (788, 263), 9: (783, 341), 11: (765, 338), 12: (785, 337), 13: (725, 440), 14: (788, 445), 15: (726, 553), 16: (802, 553), 17: (781, 173), 18: (array([716., 136.]), array([722., 125.]))}"
52,1879,726.1064628644182,464.11443572120345,1200.4444,118.59085358993286,9.161391399328437,4.662474375330504,4.236394799058814,4.768233171713575,289.2602634307035,5,0,0.0,22-07-2024 19:55:30,7.384567499160767,0.1010439395904541,side,1,"{0: (203, -800, 2260), 1: (0, 0, 0), 3: (0, 0, 0), 5: (380, -612, 2034), 6: (410, -630, 2041), 7: (423, -318, 1969), 9: (0, 0, 0), 11: (351, -77, 2099), 12: (0, 0, 0), 13: (214, 299, 2206), 14: (501, 299, 2296), 15: (101, 673, 2247), 16: (611, 675, 2266), 17: (393, -619, 2035)}","{0: (695, 148), 1: (696, 137), 3: (724, 127), 5: (755, 181), 6: (764, 176), 7: (772, 268), 9: (765, 344), 11: (742, 345), 12: (759, 345), 13: (699, 451), 14: (774, 448), 15: (667, 553), 16: (807, 553), 17: (759, 179), 18: (array([695., 148.]), array([696., 137.]))}"
53,1880,726.1064628644182,464.11443572120345,0,118.59085358993286,15.159546182001918,11.154593803876793,4.236394799058814,4.768233171713575,289.2602634307035,5,0,0.0,22-07-2024 19:55:30,7.48242712020874,0.10313796997070312,,0,"{0: (105, -794, 2274), 1: (0, 0, 0), 3: (206, -824, 2183), 5: (281, -602, 2031), 6: (326, -619, 2046), 7: (338, -314, 1986), 9: (0, 0, 0), 11: (261, -61, 2114), 12: (0, 0, 0), 13: (129, 308, 2217), 14: (412, 302, 2311), 15: (0, 0, 0), 16: (593, 661, 2268), 17: (301, -605, 2029)}","{0: (668, 151), 1: (671, 140), 3: (698, 133), 5: (725, 184), 6: (738, 180), 7: (744, 270), 9: (740, 346), 11: (715, 350), 12: (727, 349), 13: (675, 453), 14: (749, 448), 15: (656, 560), 16: (802, 549), 17: (731, 183), 18: (array([668., 151.]), array([671., 140.]))}"
54,1881,726.1064628644182,464.11443572120345,0,118.59085358993286,40.14429848969968,19.800304758409112,4.236394799058814,4.768233171713575,289.2602634307035,5,0,0.0,22-07-2024 19:55:30,7.580662488937378,0.09777379035949707,,0,"{0: (10, -790, 2273), 1: (21, -809, 2206), 3: (108, -826, 2188), 5: (177, -598, 2036), 6: (245, -616, 2056), 7: (203, -299, 1989), 8: (240, -311, 2000), 9: (0, 0, 0), 11: (156, -77, 2095), 12: (0, 0, 0), 13: (39, 290, 2211), 14: (251, 284, 2346), 15: (0, 0, 0), 16: (524, 614, 2292), 17: (213, -599, 2031)}","{0: (642, 152), 1: (645, 140), 3: (670, 133), 5: (693, 186), 6: (713, 182), 7: (702, 275), 8: (713, 272), 9: (693, 346), 11: (685, 345), 12: (706, 344), 13: (650, 448), 14: (705, 442), 15: (652, 559), 16: (781, 534), 17: (704, 185), 18: (array([642., 152.]), array([645., 140.]))}"
55,1882,726.1064628644182,464.11443572120345,0,118.59085358993286,59.44629084235278,20.71151712934153,4.236394799058814,4.768233171713575,289.2602634307035,5,0,0.0,22-07-2024 19:55:30,7.677882194519043,0.0983273983001709,,0,"{0: (0, 0, 0), 1: (-83, -822, 2214), 3: (0, 0, 0), 5: (107, -609, 2028), 7: (109, -317, 1994), 9: (0, 0, 0), 11: (0, 0, 0), 12: (120, -85, 2111), 13: (-1, 288, 2198), 14: (54, 275, 2235), 15: (0, 0, 0), 16: (347, 546, 2337), 17: (114, -609, 2031)}","{0: (614, 147), 1: (616, 137), 3: (641, 130), 5: (672, 182), 7: (673, 270), 9: (662, 342), 11: (664, 343), 12: (674, 343), 13: (639, 448), 14: (654, 443), 15: (653, 557), 16: (731, 512), 17: (674, 182), 18: (array([614., 147.]), array([616., 137.]))}"
56,1883,726.1064628644182,464.11443572120345,0,118.59085358993286,36.07019533491297,27.908036866881275,4.236394799058814,4.768233171713575,289.2602634307035,5,0,0.0,22-07-2024 19:55:31,7.776834964752197,0.09715867042541504,,0,"{0: (-180, -794, 2274), 1: (0, 0, 0), 3: (-85, -839, 2184), 5: (3, -611, 2025), 6: (66, -638, 2062), 7: (-20, -300, 1988), 9: (0, 0, 0), 11: (23, -95, 2120), 12: (65, -109, 2116), 13: (-51, 278, 2209), 14: (-62, 264, 2208), 15: (0, 0, 0), 16: (0, 0, 0), 17: (35, -620, 2035)}","{0: (590, 151), 1: (590, 139), 3: (615, 129), 5: (640, 181), 6: (659, 176), 7: (633, 275), 9: (596, 343), 11: (646, 340), 12: (658, 336), 13: (625, 445), 14: (622, 441), 15: (656, 549), 16: (651, 535), 17: (650, 179), 18: (array([590., 151.]), array([590., 139.]))}"
57,1884,726.1064628644182,464.11443572120345,0,118.59085358993286,19.018617708107456,10.081828522950644,4.236394799058814,4.768233171713575,289.2602634307035,5,0,0.0,22-07-2024 19:55:31,7.8775715827941895,0.0989372730255127,,0,"{0: (0, 0, 0), 1: (-253, -811, 2205), 3: (-167, -835, 2192), 5: (-83, -616, 2043), 6: (-11, -651, 2092), 7: (-108, -323, 1997), 9: (-238, -117, 2082), 11: (-67, -113, 2128), 12: (-35, -116, 2121), 13: (-55, 302, 2225), 14: (-191, 282, 2389), 15: (0, 0, 0), 16: (0, 0, 0), 17: (-47, -625, 2051)}","{0: (567, 151), 1: (568, 139), 3: (592, 131), 5: (614, 181), 6: (636, 175), 7: (606, 268), 9: (569, 333), 11: (620, 335), 12: (629, 334), 13: (624, 451), 14: (590, 440), 15: (646, 554), 16: (588, 537), 17: (625, 179), 18: (array([567., 151.]), array([568., 139.]))}"
58,1885,726.1064628644182,464.11443572120345,0,118.59085358993286,0.3305905944884273,7.035629558181313,4.236394799058814,4.768233171713575,289.2602634307035,5,0,0.0,22-07-2024 19:55:31,7.983114957809448,0.10074353218078613,side,1,"{0: (0, 0, 0), 1: (-338, -808, 2206), 3: (-248, -830, 2199), 5: (-161, -612, 2062), 6: (-79, -638, 2114), 7: (-200, -309, 2008), 9: (0, 0, 0), 11: (-151, -86, 2145), 12: (-120, -93, 2145), 13: (-88, 293, 2237), 14: (-273, 274, 2393), 15: (0, 0, 0), 16: (0, 0, 0), 17: (-122, -620, 2078)}","{0: (542, 152), 1: (544, 140), 3: (569, 133), 5: (591, 184), 6: (616, 181), 7: (578, 273), 9: (536, 333), 11: (596, 343), 12: (605, 341), 13: (615, 448), 14: (569, 438), 15: (648, 554), 16: (534, 534), 17: (603, 183), 18: (array([542., 152.]), array([544., 140.]))}"
59,1886,726.1064628644182,464.11443572120345,0,118.59085358993286,5.9818290215447405,14.393592968490537,4.236394799058814,4.768233171713575,289.2602634307035,5,0,0.0,22-07-2024 19:55:31,8.086578845977783,0.10566067695617676,side,0,"{0: (0, 0, 0), 1: (-426, -785, 2223), 3: (0, 0, 0), 5: (-237, -597, 2091), 6: (-164, -634, 2147), 7: (-265, -283, 2033), 9: (0, 0, 0), 11: (-238, -73, 2172), 12: (-217, -80, 2170), 13: (-166, 298, 2249), 14: (-381, 287, 2411), 15: (0, 0, 0), 16: (0, 0, 0), 17: (-201, -606, 2100)}","{0: (520, 161), 1: (520, 148), 3: (544, 139), 5: (569, 191), 6: (592, 185), 7: (559, 282), 9: (521, 338), 11: (572, 347), 12: (578, 345), 13: (594, 449), 14: (542, 441), 15: (646, 553), 16: (516, 541), 17: (580, 189), 18: (array([520., 161.]), array([520., 148.]))}"
60,1887,726.1064628644182,464.11443572120345,0,118.59085358993286,15.579752240839156,32.17694596991146,4.236394799058814,4.768233171713575,289.2602634307035,5,0,0.0,22-07-2024 19:55:31,8.192584753036499,0.10332441329956055,,0,"{0: (0, 0, 0), 1: (0, 0, 0), 2: (0, 0, 0), 3: (0, 0, 0), 5: (-315, -599, 2112), 6: (-268, -627, 2150), 7: (-331, -295, 2076), 9: (0, 0, 0), 11: (-314, -63, 2210), 12: (-271, -78, 2212), 13: (-290, 272, 2250), 14: (-447, 282, 2431), 15: (0, 0, 0), 16: (0, 0, 0), 17: (-293, -613, 2126)}","{0: (494, 157), 1: (497, 146), 2: (491, 149), 3: (522, 141), 5: (547, 192), 6: (562, 187), 7: (541, 280), 9: (515, 347), 11: (552, 350), 12: (564, 346), 13: (560, 442), 14: (526, 439), 15: (635, 541), 16: (514, 542), 17: (554, 189), 18: (array([494., 157.]), array([497., 146.]))}"
61,1888,726.1064628644182,464.11443572120345,0,118.59085358993286,22.95874255448132,54.13338345526947,4.236394799058814,4.768233171713575,289.2602634307035,5,0,0.0,22-07-2024 19:55:31,8.290646076202393,0.1061403751373291,,0,"{0: (0, 0, 0), 1: (0, 0, 0), 3: (0, 0, 0), 5: (-380, -595, 2137), 6: (-343, -631, 2166), 7: (-365, -288, 2100), 9: (0, 0, 0), 11: (-389, -81, 2212), 12: (-343, -97, 2239), 13: (-438, 282, 2246), 14: (-491, 268, 2257), 15: (-157, 555, 2294), 16: (0, 0, 0), 17: (-364, -608, 2144)}","{0: (471, 164), 1: (472, 152), 3: (494, 144), 5: (529, 195), 6: (541, 187), 7: (532, 283), 9: (518, 347), 11: (531, 345), 12: (545, 341), 13: (519, 445), 14: (505, 441), 15: (597, 517), 16: (507, 540), 17: (534, 192), 18: (array([471., 164.]), array([472., 152.]))}"
62,1889,726.1064628644182,464.11443572120345,0,118.59085358993286,27.327216753463915,39.181388440808064,4.236394799058814,4.768233171713575,289.2602634307035,5,0,0.0,22-07-2024 19:55:31,8.387731552124023,0.09792304039001465,,0,"{0: (0, 0, 0), 1: (0, 0, 0), 3: (0, 0, 0), 5: (-435, -606, 2152), 6: (-419, -622, 2160), 7: (-377, -309, 2125), 9: (-406, -74, 2224), 11: (-467, -82, 2228), 12: (-436, -84, 2198), 13: (-548, 253, 2254), 14: (-530, 248, 2268), 15: (0, 0, 0), 16: (0, 0, 0), 17: (-428, -610, 2155)}","{0: (452, 170), 1: (451, 158), 3: (473, 144), 5: (514, 193), 6: (519, 189), 7: (530, 278), 9: (527, 347), 11: (510, 345), 12: (517, 344), 13: (489, 437), 14: (495, 435), 15: (536, 532), 16: (517, 525), 17: (516, 192), 18: (array([452., 170.]), array([451., 158.]))}"
63,1890,726.1064628644182,464.11443572120345,0,118.59085358993286,4.0528124116549975,24.31835191961747,4.236394799058814,4.768233171713575,289.2602634307035,5,0,0.0,22-07-2024 19:55:31,8.490712404251099,0.09714031219482422,,0,"{0: (0, 0, 0), 1: (0, 0, 0), 3: (0, 0, 0), 5: (-494, -607, 2158), 6: (-492, -622, 2163), 7: (-398, -323, 2150), 9: (0, 0, 0), 11: (-538, -86, 2239), 12: (-527, -86, 2238), 13: (-641, 272, 2264), 14: (-550, 294, 2439), 15: (0, 0, 0), 16: (0, 0, 0), 17: (-495, -611, 2159)}","{0: (429, 170), 1: (428, 159), 3: (452, 145), 5: (497, 193), 6: (498, 189), 7: (525, 275), 9: (521, 346), 11: (491, 344), 12: (494, 344), 13: (464, 442), 14: (500, 442), 15: (480, 544), 16: (513, 540), 17: (497, 192), 18: (array([429., 170.]), array([428., 159.]))}"
64,1891,726.1064628644182,464.11443572120345,0,118.59085358993286,8.20281269521658,2.7927023657132963,4.236394799058814,4.768233171713575,289.2602634307035,5,0,0.0,22-07-2024 19:55:31,8.596271276473999,0.10322690010070801,side,0,"{0: (0, 0, 0), 1: (0, 0, 0), 3: (0, 0, 0), 5: (-541, -598, 2151), 6: (-582, -604, 2164), 7: (-445, -320, 2156), 8: (-588, -327, 2254), 9: (0, 0, 0), 11: (-571, -46, 2241), 12: (-578, -49, 2242), 13: (-699, 308, 2291), 14: (-596, 309, 2437), 15: (0, 0, 0), 16: (0, 0, 0), 17: (-558, -598, 2151)}","{0: (411, 173), 1: (410, 162), 3: (432, 147), 5: (483, 195), 6: (472, 194), 7: (512, 276), 8: (478, 278), 9: (507, 350), 11: (482, 355), 12: (480, 354), 13: (450, 451), 14: (488, 446), 15: (422, 551), 16: (510, 540), 17: (478, 195), 18: (array([411., 173.]), array([410., 162.]))}"
65,1892,726.1064628644182,464.11443572120345,0,118.59085358993286,23.997857884304608,6.943640778361555,4.236394799058814,4.768233171713575,289.2602634307035,5,0,0.0,22-07-2024 19:55:31,8.701677322387695,0.10533928871154785,,0,"{0: (0, 0, 0), 1: (0, 0, 0), 3: (0, 0, 0), 5: (-590, -592, 2143), 6: (-637, -597, 2164), 7: (-504, -297, 2144), 9: (0, 0, 0), 11: (-637, -46, 2233), 12: (-644, -53, 2234), 13: (-748, 313, 2275), 14: (-683, 321, 2413), 15: (0, 0, 0), 16: (0, 0, 0), 17: (-608, -593, 2147)}","{0: (392, 173), 1: (392, 162), 3: (416, 146), 5: (468, 196), 6: (456, 196), 7: (494, 282), 9: (488, 357), 11: (463, 355), 12: (461, 353), 13: (435, 453), 14: (464, 450), 15: (419, 554), 16: (506, 537), 17: (463, 196), 18: (array([392., 173.]), array([392., 162.]))}"
66,1893,726.1064628644182,464.11443572120345,0,118.59085358993286,48.44988392683587,16.074507609615438,4.236394799058814,4.768233171713575,289.2602634307035,5,0,73.93096939026118,22-07-2024 19:55:32,8.81290078163147,0.10800790786743164,,0,"{0: (0, 0, 0), 1: (0, 0, 0), 3: (0, 0, 0), 5: (-637, -580, 2128), 6: (-723, -601, 2194), 7: (-573, -282, 2134), 8: (-720, -290, 2231), 9: (0, 0, 0), 10: (0, 0, 0), 11: (-694, -49, 2214), 12: (-716, -56, 2217), 13: (-791, 306, 2253), 14: (-786, 284, 2249), 15: (0, 0, 0), 16: (-662, 545, 2429), 17: (-668, -587, 2143)}","{0: (372, 174), 1: (371, 162), 3: (396, 147), 5: (453, 198), 6: (434, 197), 7: (473, 286), 8: (439, 287), 9: (462, 353), 10: (408, 340), 11: (445, 354), 12: (439, 352), 13: (421, 452), 14: (422, 446), 15: (425, 551), 16: (470, 507), 17: (445, 197), 18: (array([372., 174.]), array([371., 162.]))}"
67,1894,726.1064628644182,464.11443572120345,0,118.59085358993286,32.20294080783066,14.67537306330658,4.236394799058814,4.768233171713575,289.2602634307035,5,0,72.00548671568735,22-07-2024 19:55:32,8.91645336151123,0.10850977897644043,,0,"{0: (0, 0, 0), 1: (0, 0, 0), 2: (0, 0, 0), 3: (0, 0, 0), 5: (-655, -584, 2132), 6: (-826, -603, 2220), 7: (-603, -289, 2142), 8: (-816, -306, 2224), 9: (0, 0, 0), 10: (0, 0, 0), 11: (0, 0, 0), 12: (-849, -60, 2243), 13: (-804, 310, 2259), 14: (-964, 278, 2302), 15: (0, 0, 0), 16: (0, 0, 0), 17: (-736, -597, 2182)}","{0: (361, 172), 1: (361, 161), 2: (354, 165), 3: (387, 145), 5: (448, 197), 6: (407, 198), 7: (465, 284), 8: (411, 282), 9: (448, 352), 10: (387, 338), 11: (440, 353), 12: (404, 351), 13: (418, 453), 14: (378, 443), 15: (422, 554), 16: (406, 538), 17: (429, 197), 18: (array([361., 172.]), array([361., 161.]))}"
68,1895,726.1064628644182,0.0,0,0.0,9.23467011805269,10.162673610409058,4.236394799058814,4.768233171713575,289.2602634307035,5,0,70.25798423112364,22-07-2024 19:55:32,9.016658067703247,0.10362815856933594,side,0,"{0: (0, 0, 0), 1: (0, 0, 0), 2: (-995, -695, 2133), 3: (0, 0, 0), 5: (-669, -587, 2156), 6: (-954, -623, 2286), 7: (-635, -296, 2169), 8: (0, 0, 0), 9: (-728, -66, 2208), 10: (-1033, -130, 2343), 11: (-722, -78, 2223), 12: (-902, -86, 2252), 13: (-789, 314, 2258), 14: (-973, 292, 2272), 15: (-783, 678, 2284), 16: (-988, 657, 2310), 17: (-796, -597, 2196)}","{0: (351, 171), 1: (352, 160), 2: (346, 163), 3: (378, 145), 5: (446, 198), 6: (378, 197), 7: (458, 283), 8: (382, 274), 9: (435, 349), 10: (364, 333), 11: (438, 346), 12: (390, 344), 13: (422, 454), 14: (372, 448), 15: (425, 553), 16: (371, 546), 17: (413, 198), 18: (array([351., 171.]), array([352., 160.]))}"
69,1896,726.1064628644182,0.0,0,0.0,0.38690683957108263,7.670916040049889,4.236394799058814,4.768233171713575,289.2602634307035,5,0,68.64605604837195,22-07-2024 19:55:32,9.116876125335693,0.1002664566040039,side,1,"{0: (0, 0, 0), 1: (0, 0, 0), 2: (0, 0, 0), 3: (0, 0, 0), 5: (-695, -594, 2206), 6: (-1007, -607, 2244), 7: (-666, -317, 2240), 8: (-1071, -367, 2325), 9: (-731, -75, 2240), 10: (0, 0, 0), 11: (-780, -82, 2260), 12: (-995, -91, 2297), 13: (-808, 312, 2250), 14: (0, 0, 0), 15: (-796, 669, 2279), 16: (-1016, 656, 2282), 17: (-838, -593, 2196)}","{0: (351, 175), 1: (355, 164), 2: (343, 166), 3: (383, 146), 5: (443, 200), 6: (358, 198), 7: (455, 280), 8: (351, 269), 9: (437, 347), 10: (341, 333), 11: (425, 345), 12: (369, 343), 13: (416, 454), 14: (364, 449), 15: (421, 551), 16: (360, 548), 17: (401, 199), 18: (array([351., 175.]), array([355., 164.]))}"
70,1897,0.001896,0.0,0,0.0,4.644458079468308,5.313438815256575,4.236394799058814,4.768233171713575,1520.7822000536435,5,0,67.109078749052,22-07-2024 19:55:32,9.217743873596191,0.10009026527404785,side,1,"{0: (0, 0, 0), 1: (0, 0, 0), 2: (0, 0, 0), 3: (0, 0, 0), 5: (-725, -586, 2242), 6: (-1045, -577, 2185), 7: (-700, -305, 2318), 8: (-1131, -331, 2242), 9: (-737, -36, 2292), 10: (0, 0, 0), 11: (-810, -58, 2292), 12: (-1019, -61, 2278), 13: (-817, 324, 2277), 14: (0, 0, 0), 15: (-797, 659, 2281), 16: (-1015, 659, 2281), 17: (-882, -574, 2194)}","{0: (361, 180), 1: (368, 169), 2: (349, 171), 3: (391, 152), 5: (438, 205), 6: (339, 202), 7: (452, 286), 8: (323, 275), 9: (440, 358), 10: (331, 344), 11: (420, 352), 12: (360, 351), 13: (416, 456), 14: (356, 456), 15: (421, 548), 16: (360, 549), 17: (388, 204), 18: (array([361., 180.]), array([368., 169.]))}"
71,1898,0.001896,0.0,0,0.0,0.5422151649463558,0.835794389930669,4.236394799058814,4.768233171713575,1520.7822000536435,5,0,65.62655439091033,22-07-2024 19:55:32,9.318334579467773,0.10098624229431152,side,1,"{0: (0, 0, 0), 1: (0, 0, 0), 2: (0, 0, 0), 3: (0, 0, 0), 4: (0, 0, 0), 5: (-756, -585, 2283), 6: (-1052, -560, 2137), 7: (-737, -315, 2389), 8: (-1148, -295, 2188), 9: (-772, -52, 2376), 10: (-1103, -58, 2185), 11: (-853, -55, 2331), 12: (-1043, -53, 2268), 13: (-825, 315, 2319), 14: (-1022, 303, 2249), 15: (0, 0, 0), 16: (-1024, 654, 2277), 17: (-896, -564, 2169)}","{0: (371, 188), 1: (381, 178), 2: (359, 179), 3: (398, 161), 4: (345, 165), 5: (433, 208), 6: (330, 203), 7: (448, 286), 8: (310, 283), 9: (438, 354), 10: (323, 351), 11: (412, 353), 12: (352, 353), 13: (418, 452), 14: (355, 452), 15: (422, 539), 16: (357, 548), 17: (381, 205), 18: (array([371., 188.]), array([381., 178.]))}"
72,1899,0.001896,0.0,0,0.0,7.5610362104357876,15.112003298576468,4.236394799058814,4.768233171713575,1520.7822000536435,5,0,64.21069788428277,22-07-2024 19:55:32,9.42532229423523,0.10079836845397949,,1,"{0: (0, 0, 0), 1: (0, 0, 0), 2: (0, 0, 0), 3: (0, 0, 0), 4: (0, 0, 0), 5: (-778, -591, 2305), 6: (-1048, -563, 2123), 7: (-779, -330, 2450), 8: (-1172, -292, 2165), 9: (0, 0, 0), 10: (-1115, -76, 2202), 11: (-896, -86, 2357), 12: (-1061, -75, 2262), 13: (-848, 254, 2381), 14: (-1016, 275, 2251), 15: (0, 0, 0), 16: (-1031, 658, 2277), 17: (0, 0, 0)}","{0: (382, 182), 1: (391, 173), 2: (371, 172), 3: (402, 163), 4: (357, 163), 5: (429, 208), 6: (329, 201), 7: (442, 284), 8: (299, 283), 9: (442, 345), 10: (322, 346), 11: (403, 345), 12: (346, 347), 13: (418, 434), 14: (357, 444), 15: (408, 537), 16: (355, 549), 17: (377, 204), 18: (array([382., 182.]), array([391., 173.]))}"
73,1900,0.001896,0.0,0,0.0,12.645455249400783,23.632429111572776,4.236394799058814,4.768233171713575,1520.7822000536435,5,0,62.77564690973579,22-07-2024 19:55:32,9.532603740692139,0.10680460929870605,,1,"{0: (0, 0, 0), 1: (0, 0, 0), 2: (0, 0, 0), 3: (0, 0, 0), 4: (0, 0, 0), 5: (-779, -566, 2341), 6: (-1024, -549, 2120), 7: (0, 0, 0), 8: (-1186, -296, 2148), 9: (0, 0, 0), 10: (-1130, -102, 2224), 11: (-931, -79, 2382), 12: (-1080, -74, 2236), 13: (-871, 229, 2434), 14: (-1026, 253, 2248), 15: (0, 0, 0), 16: (-1047, 657, 2274), 17: (-901, -549, 2191)}","{0: (398, 189), 1: (407, 183), 2: (390, 178), 3: (414, 176), 4: (375, 172), 5: (432, 217), 6: (336, 205), 7: (437, 283), 8: (292, 281), 9: (443, 336), 10: (321, 339), 11: (396, 347), 12: (337, 347), 13: (417, 426), 14: (354, 438), 15: (401, 530), 16: (350, 549), 17: (382, 211), 18: (array([398., 189.]), array([407., 183.]))}"
74,1901,0.001896,0.0,0,0.0,19.53386578743536,24.628584640378534,4.236394799058814,4.768233171713575,1520.7822000536435,5,0,61.39554219283595,22-07-2024 19:55:32,9.640609741210938,0.10742497444152832,,1,"{0: (0, 0, 0), 1: (0, 0, 0), 2: (0, 0, 0), 3: (0, 0, 0), 4: (0, 0, 0), 5: (-773, -496, 2377), 6: (-1001, -520, 2134), 7: (0, 0, 0), 8: (-1176, -286, 2147), 9: (0, 0, 0), 10: (0, 0, 0), 11: (-967, -53, 2414), 12: (-1068, -55, 2182), 13: (0, 0, 0), 14: (-1012, 260, 2248), 15: (0, 0, 0), 16: (-1042, 656, 2271), 17: (-875, -500, 2217)}","{0: (417, 217), 1: (427, 209), 2: (413, 205), 3: (428, 198), 4: (404, 191), 5: (437, 238), 6: (345, 215), 7: (436, 299), 8: (295, 284), 9: (435, 347), 10: (323, 341), 11: (390, 354), 12: (333, 352), 13: (411, 432), 14: (358, 440), 15: (395, 527), 16: (351, 549), 17: (393, 227), 18: (array([417., 217.]), array([427., 209.]))}"
75,1902,0.001896,0.0,0,0.0,34.650242092646124,39.23877142437033,4.236394799058814,4.768233171713575,1520.7822000536435,5,0,60.06789729620965,22-07-2024 19:55:33,9.745217323303223,0.10800004005432129,,1,"{0: (0, 0, 0), 1: (0, 0, 0), 2: (0, 0, 0), 4: (0, 0, 0), 5: (0, 0, 0), 6: (-950, -408, 2166), 7: (0, 0, 0), 8: (-1160, -212, 2153), 9: (0, 0, 0), 10: (-1053, -45, 2201), 11: (0, 0, 0), 12: (-1125, -2, 2263), 13: (-906, 265, 2521), 14: (-984, 252, 2241), 15: (0, 0, 0), 16: (-1039, 657, 2263), 17: (-871, -387, 2260)}","{0: (442, 264), 1: (446, 257), 2: (440, 256), 4: (425, 239), 5: (433, 271), 6: (365, 250), 7: (426, 324), 8: (301, 306), 9: (429, 366), 10: (340, 355), 11: (385, 370), 12: (328, 367), 13: (416, 433), 14: (365, 438), 15: (394, 528), 16: (351, 550), 17: (399, 261), 18: (array([442., 264.]), array([446., 257.]))}"
76,1903,0.001896,0.0,0,0.0,47.86463950233559,55.790929579348244,4.236394799058814,4.768233171713575,1520.7822000536435,5,0,60.06789729620965,22-07-2024 19:55:33,9.850531339645386,0.10439443588256836,,1,"{0: (0, 0, 0), 2: (0, 0, 0), 4: (0, 0, 0), 5: (0, 0, 0), 6: (-930, -337, 2196), 7: (0, 0, 0), 8: (-1147, -151, 2166), 9: (0, 0, 0), 10: (-1011, 26, 2229), 11: (0, 0, 0), 12: (-1147, 34, 2258), 13: (0, 0, 0), 14: (-966, 256, 2239), 15: (0, 0, 0), 16: (-1035, 662, 2256), 17: (-874, -290, 2292)}","{0: (445, 302), 2: (446, 295), 4: (434, 273), 5: (429, 306), 6: (375, 272), 7: (411, 356), 8: (307, 324), 9: (418, 389), 10: (356, 375), 11: (376, 383), 12: (321, 377), 13: (420, 435), 14: (370, 439), 15: (393, 532), 16: (351, 552), 17: (402, 289), 18: (array([445., 302.]), array([446., 295.]))}"
